<?xml version="1.0" encoding="UTF-8"?>
<config date="1641205852017" transient="false">
	<site updateable="true" url="file:/C:/Users/Kimi/.p2/pool/" enabled="true" policy="MANAGED-ONLY">
		<feature id="org.eclipse.datatools.modelbase.feature" version="1.14.102.201911250848" url="features/org.eclipse.datatools.modelbase.feature_1.14.102.201911250848/" plugin-identifier="org.eclipse.datatools.modelbase.sql">
		</feature>
		<feature id="org.eclipse.jgit" version="6.0.0.202111291000-r" url="features/org.eclipse.jgit_6.0.0.202111291000-r/">
		</feature>
		<feature id="org.eclipse.emf.mapping.source" version="2.14.0.v20210924-1718" url="features/org.eclipse.emf.mapping.source_2.14.0.v20210924-1718/">
		</feature>
		<feature id="org.eclipse.jst.jsf.apache.trinidad.tagsupport.feature" version="2.6.1.v201902121810" url="features/org.eclipse.jst.jsf.apache.trinidad.tagsupport.feature_2.6.1.v201902121810/">
		</feature>
		<feature id="org.eclipse.oomph.workingsets" version="1.14.0.v20210924-1427" url="features/org.eclipse.oomph.workingsets_1.14.0.v20210924-1427/">
		</feature>
		<feature id="org.kie.eclipse.navigator.feature.source" version="7.48.0.Final" url="features/org.kie.eclipse.navigator.feature.source_7.48.0.Final/">
		</feature>
		<feature id="org.eclipse.jst.web_js_support.feature" version="3.24.0.v202110010355" url="features/org.eclipse.jst.web_js_support.feature_3.24.0.v202110010355/">
		</feature>
		<feature id="org.eclipse.wildwebdeveloper.feature" version="0.10.10.202111090852" url="features/org.eclipse.wildwebdeveloper.feature_0.10.10.202111090852/">
		</feature>
		<feature id="org.eclipse.emf.common.ui.source" version="2.18.0.v20211110-0654" url="features/org.eclipse.emf.common.ui.source_2.18.0.v20211110-0654/">
		</feature>
		<feature id="org.eclipse.xsd.mapping" version="2.14.0.v20210924-1719" url="features/org.eclipse.xsd.mapping_2.14.0.v20210924-1719/">
		</feature>
		<feature id="org.eclipse.mylyn.bugzilla_feature" version="3.25.2.v20200814-0512" url="features/org.eclipse.mylyn.bugzilla_feature_3.25.2.v20200814-0512/" plugin-identifier="org.eclipse.mylyn.tasks.core">
		</feature>
		<feature id="org.eclipse.tm.terminal.connector.telnet.feature" version="10.5.0.202109270023" url="features/org.eclipse.tm.terminal.connector.telnet.feature_10.5.0.202109270023/">
		</feature>
		<feature id="org.eclipse.draw2d" version="3.10.100.201606061308" url="features/org.eclipse.draw2d_3.10.100.201606061308/">
		</feature>
		<feature id="org.eclipse.emf.common.ui" version="2.18.0.v20211110-0654" url="features/org.eclipse.emf.common.ui_2.18.0.v20211110-0654/">
		</feature>
		<feature id="org.eclipse.jdt" version="3.18.1000.v20211124-1800" url="features/org.eclipse.jdt_3.18.1000.v20211124-1800/">
		</feature>
		<feature id="org.eclipse.mylyn.monitor" version="3.25.2.v20200813-0821" url="features/org.eclipse.mylyn.monitor_3.25.2.v20200813-0821/" plugin-identifier="org.eclipse.mylyn.commons.core">
		</feature>
		<feature id="org.eclipse.egit" version="6.0.0.202111291000-r" url="features/org.eclipse.egit_6.0.0.202111291000-r/">
		</feature>
		<feature id="org.kie.eclipse.feature.source" version="7.48.0.Final" url="features/org.kie.eclipse.feature.source_7.48.0.Final/">
		</feature>
		<feature id="org.eclipse.rap.tools.feature" version="3.19.0.20211130-1200" url="features/org.eclipse.rap.tools.feature_3.19.0.20211130-1200/">
		</feature>
		<feature id="org.eclipse.jst.webpageeditor.feature" version="2.9.1.v202111210733" url="features/org.eclipse.jst.webpageeditor.feature_2.9.1.v202111210733/">
		</feature>
		<feature id="org.eclipse.datatools.enablement.apache.derby.feature" version="1.14.102.201911250848" url="features/org.eclipse.datatools.enablement.apache.derby.feature_1.14.102.201911250848/" plugin-identifier="org.eclipse.datatools.enablement.sybase">
		</feature>
		<feature id="org.eclipse.oomph.setup.workingsets" version="1.15.0.v20211015-0620" url="features/org.eclipse.oomph.setup.workingsets_1.15.0.v20211015-0620/">
		</feature>
		<feature id="org.eclipse.emf.edit" version="2.17.0.v20210924-1718" url="features/org.eclipse.emf.edit_2.17.0.v20210924-1718/">
		</feature>
		<feature id="org.eclipse.wildwebdeveloper.xml.feature" version="0.13.1.202111081705" url="features/org.eclipse.wildwebdeveloper.xml.feature_0.13.1.202111081705/">
		</feature>
		<feature id="org.eclipse.emf.common.source" version="2.24.0.v20210924-1718" url="features/org.eclipse.emf.common.source_2.24.0.v20210924-1718/">
		</feature>
		<feature id="org.eclipse.xsd.ecore.converter" version="2.13.0.v20210924-1719" url="features/org.eclipse.xsd.ecore.converter_2.13.0.v20210924-1719/">
		</feature>
		<feature id="org.eclipse.xsd.doc" version="2.23.0.v20210924-1719" url="features/org.eclipse.xsd.doc_2.23.0.v20210924-1719/">
		</feature>
		<feature id="org.eclipse.oomph.setup.targlets" version="1.15.0.v20210924-1427" url="features/org.eclipse.oomph.setup.targlets_1.15.0.v20210924-1427/">
		</feature>
		<feature id="org.eclipse.wst.xml_ui.feature" version="3.24.0.v202111190506" url="features/org.eclipse.wst.xml_ui.feature_3.24.0.v202111190506/" plugin-identifier="org.eclipse.wst.xml.ui">
		</feature>
		<feature id="org.eclipse.m2e.pde.feature" version="1.18.3.20211112-0847" url="features/org.eclipse.m2e.pde.feature_1.18.3.20211112-0847/" plugin-identifier="org.eclipse.m2e.core">
		</feature>
		<feature id="org.eclipse.mylyn.context_feature" version="3.25.2.v20200828-1617" url="features/org.eclipse.mylyn.context_feature_3.25.2.v20200828-1617/" plugin-identifier="org.eclipse.mylyn.context.core">
		</feature>
		<feature id="org.eclipse.wst.xml.xpath2.processor.feature" version="2.0.302.v201909031400" url="features/org.eclipse.wst.xml.xpath2.processor.feature_2.0.302.v201909031400/" plugin-identifier="org.eclipse.wst.xml.xpath2">
		</feature>
		<feature id="org.eclipse.emf.ecore.edit.source" version="2.15.0.v20210924-1718" url="features/org.eclipse.emf.ecore.edit.source_2.15.0.v20210924-1718/">
		</feature>
		<feature id="org.eclipse.e4.rcp" version="4.22.0.v20211123-0851" url="features/org.eclipse.e4.rcp_4.22.0.v20211123-0851/">
		</feature>
		<feature id="org.eclipse.emf.codegen.ecore" version="2.28.0.v20210925-0555" url="features/org.eclipse.emf.codegen.ecore_2.28.0.v20210925-0555/">
		</feature>
		<feature id="org.eclipse.mylyn.commons" version="3.25.2.v20200813-0821" url="features/org.eclipse.mylyn.commons_3.25.2.v20200813-0821/" plugin-identifier="org.eclipse.mylyn.commons.core">
		</feature>
		<feature id="org.eclipse.datatools.sqltools.doc.user" version="1.14.102.201911250848" url="features/org.eclipse.datatools.sqltools.doc.user_1.14.102.201911250848/">
		</feature>
		<feature id="org.eclipse.tm.terminal.connector.local.feature" version="10.5.0.202109270023" url="features/org.eclipse.tm.terminal.connector.local.feature_10.5.0.202109270023/">
		</feature>
		<feature id="org.kie.eclipse.navigator.feature" version="7.48.0.Final" url="features/org.kie.eclipse.navigator.feature_7.48.0.Final/">
		</feature>
		<feature id="org.eclipse.oomph.launches" version="1.13.0.v20210924-1427" url="features/org.eclipse.oomph.launches_1.13.0.v20210924-1427/">
		</feature>
		<feature id="org.eclipse.datatools.enablement.hsqldb.feature" version="1.14.102.201911250848" url="features/org.eclipse.datatools.enablement.hsqldb.feature_1.14.102.201911250848/" plugin-identifier="org.eclipse.datatools.enablement.finfo">
		</feature>
		<feature id="org.eclipse.wst.common_core.feature" version="3.23.0.v202108200212" url="features/org.eclipse.wst.common_core.feature_3.23.0.v202108200212/">
		</feature>
		<feature id="org.eclipse.oomph.setup.workbench" version="1.14.0.v20210924-1427" url="features/org.eclipse.oomph.setup.workbench_1.14.0.v20210924-1427/">
		</feature>
		<feature id="org.eclipse.emf.codegen.ecore.ui.source" version="2.28.0.v20210925-0555" url="features/org.eclipse.emf.codegen.ecore.ui.source_2.28.0.v20210925-0555/">
		</feature>
		<feature id="org.eclipse.emf.ecoretools" version="0.10.0.v20100615-1639" url="features/org.eclipse.emf.ecoretools_0.10.0.v20100615-1639/">
		</feature>
		<feature id="org.eclipse.mylyn.discovery" version="3.25.2.v20200813-0821" url="features/org.eclipse.mylyn.discovery_3.25.2.v20200813-0821/" plugin-identifier="org.eclipse.mylyn.commons.core">
		</feature>
		<feature id="org.eclipse.jst.web_ui.feature" version="3.24.0.v202110010355" url="features/org.eclipse.jst.web_ui.feature_3.24.0.v202110010355/">
		</feature>
		<feature id="org.eclipse.tm.terminal.connector.ssh.feature" version="10.5.0.202109270023" url="features/org.eclipse.tm.terminal.connector.ssh.feature_10.5.0.202109270023/" plugin-identifier="org.eclipse.tm.terminal.connector.ssh">
		</feature>
		<feature id="org.sonatype.m2e.mavenarchiver.feature" version="0.17.5.202002191804" url="features/org.sonatype.m2e.mavenarchiver.feature_0.17.5.202002191804/" plugin-identifier="org.sonatype.m2e.mavenarchiver">
		</feature>
		<feature id="org.eclipse.xsd.editor.source" version="2.14.0.v20210924-1719" url="features/org.eclipse.xsd.editor.source_2.14.0.v20210924-1719/">
		</feature>
		<feature id="org.eclipse.datatools.sdk.feature" version="1.14.102.201911250848" url="features/org.eclipse.datatools.sdk.feature_1.14.102.201911250848/" plugin-identifier="org.eclipse.datatools.sdk">
		</feature>
		<feature id="org.eclipse.m2e.logback.feature" version="1.17.2.20211002-1029" url="features/org.eclipse.m2e.logback.feature_1.17.2.20211002-1029/" plugin-identifier="org.eclipse.m2e.logback.configuration">
		</feature>
		<feature id="org.eclipse.emf.mwe2.language.sdk" version="2.12.1.v20210218-2134" url="features/org.eclipse.emf.mwe2.language.sdk_2.12.1.v20210218-2134/">
		</feature>
		<feature id="org.eclipse.mylyn.team_feature" version="3.25.2.v20200828-1617" url="features/org.eclipse.mylyn.team_feature_3.25.2.v20200828-1617/" plugin-identifier="org.eclipse.mylyn.context.core">
		</feature>
		<feature id="org.eclipse.emf.codegen.ecore.source" version="2.28.0.v20210925-0555" url="features/org.eclipse.emf.codegen.ecore.source_2.28.0.v20210925-0555/">
		</feature>
		<feature id="org.eclipse.emf.ecore.xcore.ui" version="1.18.0.v20210925-0555" url="features/org.eclipse.emf.ecore.xcore.ui_1.18.0.v20210925-0555/">
		</feature>
		<feature id="org.eclipse.datatools.enablement.msft.feature" version="1.14.102.201911250848" url="features/org.eclipse.datatools.enablement.msft.feature_1.14.102.201911250848/" plugin-identifier="org.eclipse.datatools.enablement.finfo">
		</feature>
		<feature id="org.eclipse.mylyn.java_feature" version="3.25.2.v20200828-1617" url="features/org.eclipse.mylyn.java_feature_3.25.2.v20200828-1617/" plugin-identifier="org.eclipse.mylyn.context.core">
		</feature>
		<feature id="org.eclipse.emf.ecore.xcore" version="1.19.0.v20210925-0555" url="features/org.eclipse.emf.ecore.xcore_1.19.0.v20210925-0555/">
		</feature>
		<feature id="org.eclipse.m2e.feature" version="1.19.0.20211116-0804" url="features/org.eclipse.m2e.feature_1.19.0.20211116-0804/" plugin-identifier="org.eclipse.m2e.core">
		</feature>
		<feature id="org.eclipse.epp.package.common.feature" version="4.22.0.20211202-1200" url="features/org.eclipse.epp.package.common.feature_4.22.0.20211202-1200/">
		</feature>
		<feature id="org.eclipse.oomph.version" version="1.15.0.v20210924-1427" url="features/org.eclipse.oomph.version_1.15.0.v20210924-1427/">
		</feature>
		<feature id="org.eclipse.xtext.runtime" version="2.25.0.v20210301-1429" url="features/org.eclipse.xtext.runtime_2.25.0.v20210301-1429/">
		</feature>
		<feature id="org.eclipse.tm.terminal.view.feature" version="10.5.0.202110140133" url="features/org.eclipse.tm.terminal.view.feature_10.5.0.202110140133/" plugin-identifier="org.eclipse.tm.terminal.view.ui">
		</feature>
		<feature id="org.eclipse.emf.ecoretools.utils.source" version="0.10.0.v20100601-1628" url="features/org.eclipse.emf.ecoretools.utils.source_0.10.0.v20100601-1628/">
		</feature>
		<feature id="org.eclipse.oomph.targlets" version="1.19.0.v20211015-0620" url="features/org.eclipse.oomph.targlets_1.19.0.v20211015-0620/">
		</feature>
		<feature id="org.eclipse.emf.source" version="2.28.0.v20211110-0654" url="features/org.eclipse.emf.source_2.28.0.v20211110-0654/">
		</feature>
		<feature id="org.eclipse.emf.ecoretools.doc" version="0.10.0.v20100615-1639" url="features/org.eclipse.emf.ecoretools.doc_0.10.0.v20100615-1639/">
		</feature>
		<feature id="org.eclipse.oomph.setup.git" version="1.20.0.v20211007-0506" url="features/org.eclipse.oomph.setup.git_1.20.0.v20211007-0506/">
		</feature>
		<feature id="org.eclipse.datatools.sqldevtools.ddlgen.feature" version="1.14.201.202107090755" url="features/org.eclipse.datatools.sqldevtools.ddlgen.feature_1.14.201.202107090755/" plugin-identifier="org.eclipse.datatools.sqltools.ddlgen.ui">
		</feature>
		<feature id="org.eclipse.emf.ecore.editor" version="2.18.0.v20210924-1718" url="features/org.eclipse.emf.ecore.editor_2.18.0.v20210924-1718/">
		</feature>
		<feature id="org.eclipse.epp.package.jee.feature" version="4.22.0.20211202-1200" url="features/org.eclipse.epp.package.jee.feature_4.22.0.20211202-1200/" plugin-identifier="org.eclipse.epp.package.jee">
		</feature>
		<feature id="org.eclipse.jst.web_userdoc.feature" version="3.6.1.v201908261515" url="features/org.eclipse.jst.web_userdoc.feature_3.6.1.v201908261515/">
		</feature>
		<feature id="org.guvnor.tools.feature.source" version="7.48.0.Final" url="features/org.guvnor.tools.feature.source_7.48.0.Final/">
		</feature>
		<feature id="org.eclipse.emf.mapping.ecore.editor.source" version="2.15.0.v20210924-1718" url="features/org.eclipse.emf.mapping.ecore.editor.source_2.15.0.v20210924-1718/">
		</feature>
		<feature id="org.eclipse.jpt.jpa.eclipselink.feature" version="3.4.101.v201903221940" url="features/org.eclipse.jpt.jpa.eclipselink.feature_3.4.101.v201903221940/" plugin-identifier="org.eclipse.jpt.jpa.eclipselink.branding">
		</feature>
		<feature id="org.eclipse.emf.codegen.ui.source" version="2.24.0.v20210924-1718" url="features/org.eclipse.emf.codegen.ui.source_2.24.0.v20210924-1718/">
		</feature>
		<feature id="org.eclipse.datatools.connectivity.oda.feature" version="1.14.102.201911250848" url="features/org.eclipse.datatools.connectivity.oda.feature_1.14.102.201911250848/" plugin-identifier="org.eclipse.datatools.connectivity.oda">
		</feature>
		<feature id="org.eclipse.emf.codegen.ecore.ui" version="2.28.0.v20210925-0555" url="features/org.eclipse.emf.codegen.ecore.ui_2.28.0.v20210925-0555/">
		</feature>
		<feature id="com.google.gdt.eclipse.suite.e44.feature" version="3.9.6.v20170329-1604" url="features/com.google.gdt.eclipse.suite.e44.feature_3.9.6.v20170329-1604/" plugin-identifier="com.google.gdt.eclipse.suite">
		</feature>
		<feature id="org.eclipse.jst.ws.axis2tools.feature" version="1.1.401.v201909051708" url="features/org.eclipse.jst.ws.axis2tools.feature_1.1.401.v201909051708/" plugin-identifier="org.eclipse.jst.ws.axis2.ui">
		</feature>
		<feature id="org.eclipse.xtext.ui" version="2.25.0.v20210301-1429" url="features/org.eclipse.xtext.ui_2.25.0.v20210301-1429/">
		</feature>
		<feature id="org.eclipse.equinox.p2.discovery.feature" version="1.2.1000.v20210813-0655" url="features/org.eclipse.equinox.p2.discovery.feature_1.2.1000.v20210813-0655/">
		</feature>
		<feature id="org.eclipse.oomph.projectcopy" version="1.13.0.v20210924-1427" url="features/org.eclipse.oomph.projectcopy_1.13.0.v20210924-1427/">
		</feature>
		<feature id="org.drools.eclipse.feature" version="7.48.0.Final" url="features/org.drools.eclipse.feature_7.48.0.Final/">
		</feature>
		<feature id="org.eclipse.m2e.lemminx.feature" version="1.18.3.20211116-0804" url="features/org.eclipse.m2e.lemminx.feature_1.18.3.20211116-0804/">
		</feature>
		<feature id="org.eclipse.tips.feature" version="0.2.1600.v20211106-0839" url="features/org.eclipse.tips.feature_0.2.1600.v20211106-0839/">
		</feature>
		<feature id="org.eclipse.emf.ecore.xcore.lib" version="1.8.0.v20210924-1718" url="features/org.eclipse.emf.ecore.xcore.lib_1.8.0.v20210924-1718/">
		</feature>
		<feature id="org.eclipse.jst.enterprise_ui.feature" version="3.24.0.v202110010348" url="features/org.eclipse.jst.enterprise_ui.feature_3.24.0.v202110010348/" plugin-identifier="org.eclipse.jst.jee.ui">
		</feature>
		<feature id="org.eclipse.xtend.sdk" version="2.25.0.v20210301-1429" url="features/org.eclipse.xtend.sdk_2.25.0.v20210301-1429/" plugin-identifier="org.eclipse.xtend.ide">
		</feature>
		<feature id="org.eclipse.xsd.edit.source" version="2.14.0.v20210924-1719" url="features/org.eclipse.xsd.edit.source_2.14.0.v20210924-1719/">
		</feature>
		<feature id="org.eclipse.jst.ws.cxf.feature" version="1.1.900.v202107101953" url="features/org.eclipse.jst.ws.cxf.feature_1.1.900.v202107101953/" plugin-identifier="org.eclipse.jst.ws.cxf.core">
		</feature>
		<feature id="org.eclipse.jpt.common.eclipselink.feature" version="1.3.200.v201903221940" url="features/org.eclipse.jpt.common.eclipselink.feature_1.3.200.v201903221940/" plugin-identifier="org.eclipse.jpt.common.eclipselink.branding">
		</feature>
		<feature id="org.eclipse.xtext.redist" version="2.25.0.v20210301-1429" url="features/org.eclipse.xtext.redist_2.25.0.v20210301-1429/">
		</feature>
		<feature id="org.eclipse.datatools.connectivity.oda.designer.feature" version="1.14.102.201911250848" url="features/org.eclipse.datatools.connectivity.oda.designer.feature_1.14.102.201911250848/" plugin-identifier="org.eclipse.datatools.connectivity.oda.design.ui">
		</feature>
		<feature id="org.eclipse.tm.terminal.feature" version="10.5.0.202109270023" url="features/org.eclipse.tm.terminal.feature_10.5.0.202109270023/" plugin-identifier="org.eclipse.tm.terminal.view.core">
		</feature>
		<feature id="org.eclipse.m2e.wtp.jpa.feature" version="1.4.4.20201128-1705" url="features/org.eclipse.m2e.wtp.jpa.feature_1.4.4.20201128-1705/" plugin-identifier="org.eclipse.m2e.wtp.jpa">
		</feature>
		<feature id="org.eclipse.emf.converter.source" version="2.17.0.v20210924-1718" url="features/org.eclipse.emf.converter.source_2.17.0.v20210924-1718/">
		</feature>
		<feature id="org.eclipse.tm.terminal.control.feature" version="10.5.0.202109270023" url="features/org.eclipse.tm.terminal.control.feature_10.5.0.202109270023/" plugin-identifier="org.eclipse.tm.terminal.control">
		</feature>
		<feature id="org.eclipse.jst.server_core.feature" version="3.4.500.v202103192305" url="features/org.eclipse.jst.server_core.feature_3.4.500.v202103192305/">
		</feature>
		<feature id="org.eclipse.jgit.ssh.apache" version="6.0.0.202111291000-r" url="features/org.eclipse.jgit.ssh.apache_6.0.0.202111291000-r/">
		</feature>
		<feature id="org.eclipse.emf.databinding.edit" version="1.9.0.v20210924-1718" url="features/org.eclipse.emf.databinding.edit_1.9.0.v20210924-1718/">
		</feature>
		<feature id="org.eclipse.emf.converter" version="2.17.0.v20210924-1718" url="features/org.eclipse.emf.converter_2.17.0.v20210924-1718/">
		</feature>
		<feature id="org.eclipse.ecf.core.feature" version="1.6.1.v20211005-1944" url="features/org.eclipse.ecf.core.feature_1.6.1.v20211005-1944/">
		</feature>
		<feature id="org.eclipse.datatools.sqldevtools.results.feature" version="1.14.201.202107061424" url="features/org.eclipse.datatools.sqldevtools.results.feature_1.14.201.202107061424/">
		</feature>
		<feature id="org.eclipse.datatools.sqldevtools.schemaobjecteditor.feature" version="1.14.102.201911250848" url="features/org.eclipse.datatools.sqldevtools.schemaobjecteditor.feature_1.14.102.201911250848/">
		</feature>
		<feature id="org.eclipse.mylyn_feature" version="3.25.2.v20200814-0512" url="features/org.eclipse.mylyn_feature_3.25.2.v20200814-0512/" plugin-identifier="org.eclipse.mylyn.tasks.core">
		</feature>
		<feature id="org.eclipse.datatools.connectivity.doc.user" version="1.14.102.201911250848" url="features/org.eclipse.datatools.connectivity.doc.user_1.14.102.201911250848/">
		</feature>
		<feature id="org.eclipse.emf.databinding.source" version="1.8.0.v20210924-1718" url="features/org.eclipse.emf.databinding.source_1.8.0.v20210924-1718/">
		</feature>
		<feature id="org.eclipse.xtext.sdk" version="2.25.0.v20210301-1429" url="features/org.eclipse.xtext.sdk_2.25.0.v20210301-1429/" plugin-identifier="org.eclipse.xtext">
		</feature>
		<feature id="org.eclipse.datatools.connectivity.feature" version="1.14.102.201911250848" url="features/org.eclipse.datatools.connectivity.feature_1.14.102.201911250848/" plugin-identifier="org.eclipse.datatools.connectivity">
		</feature>
		<feature id="org.eclipse.emf.codegen" version="2.23.0.v20210924-1718" url="features/org.eclipse.emf.codegen_2.23.0.v20210924-1718/">
		</feature>
		<feature id="org.eclipse.wst.xml_userdoc.feature" version="3.18.0.v202004271556" url="features/org.eclipse.wst.xml_userdoc.feature_3.18.0.v202004271556/">
		</feature>
		<feature id="org.eclipse.emf.common" version="2.24.0.v20210924-1718" url="features/org.eclipse.emf.common_2.24.0.v20210924-1718/">
		</feature>
		<feature id="org.eclipse.emf.ecore.xcore.lib.source" version="1.8.0.v20210924-1718" url="features/org.eclipse.emf.ecore.xcore.lib.source_1.8.0.v20210924-1718/">
		</feature>
		<feature id="org.eclipse.emf.mwe2.runtime.sdk" version="2.12.1.v20210218-2134" url="features/org.eclipse.emf.mwe2.runtime.sdk_2.12.1.v20210218-2134/">
		</feature>
		<feature id="org.eclipse.xsd.mapping.editor.source" version="2.14.0.v20210924-1719" url="features/org.eclipse.xsd.mapping.editor.source_2.14.0.v20210924-1719/">
		</feature>
		<feature id="org.eclipse.jst.server_userdoc.feature" version="3.3.300.v201901310132" url="features/org.eclipse.jst.server_userdoc.feature_3.3.300.v201901310132/">
		</feature>
		<feature id="org.eclipse.wst.ws_userdoc.feature" version="3.1.501.v201909051708" url="features/org.eclipse.wst.ws_userdoc.feature_3.1.501.v201909051708/">
		</feature>
		<feature id="org.kie.eclipse.feature" version="7.48.0.Final" url="features/org.kie.eclipse.feature_7.48.0.Final/">
		</feature>
		<feature id="org.eclipse.emf.codegen.ui" version="2.24.0.v20210924-1718" url="features/org.eclipse.emf.codegen.ui_2.24.0.v20210924-1718/">
		</feature>
		<feature id="org.guvnor.tools.feature" version="7.48.0.Final" url="features/org.guvnor.tools.feature_7.48.0.Final/">
		</feature>
		<feature id="org.eclipse.emf.mapping.ui" version="2.14.0.v20210924-1718" url="features/org.eclipse.emf.mapping.ui_2.14.0.v20210924-1718/">
		</feature>
		<feature id="org.eclipse.xtext.examples" version="2.25.0.v20210301-1429" url="features/org.eclipse.xtext.examples_2.25.0.v20210301-1429/">
		</feature>
		<feature id="org.eclipse.emf.mapping" version="2.14.0.v20210924-1718" url="features/org.eclipse.emf.mapping_2.14.0.v20210924-1718/">
		</feature>
		<feature id="org.eclipse.datatools.enablement.postgresql.feature" version="1.14.102.201911250848" url="features/org.eclipse.datatools.enablement.postgresql.feature_1.14.102.201911250848/" plugin-identifier="org.eclipse.datatools.enablement.finfo">
		</feature>
		<feature id="org.eclipse.xsd.sdk" version="2.28.0.v20210924-1719" url="features/org.eclipse.xsd.sdk_2.28.0.v20210924-1719/">
		</feature>
		<feature id="org.eclipse.jst.ws.jaxws_userdoc.feature" version="1.0.403.v201909051708" url="features/org.eclipse.jst.ws.jaxws_userdoc.feature_1.0.403.v201909051708/">
		</feature>
		<feature id="org.eclipse.jpt.jaxb.feature" version="1.5.201.v202104080213" url="features/org.eclipse.jpt.jaxb.feature_1.5.201.v202104080213/" plugin-identifier="org.eclipse.jpt.jaxb.branding">
		</feature>
		<feature id="org.eclipse.datatools.sqldevtools.data.feature" version="1.14.201.202107090755" url="features/org.eclipse.datatools.sqldevtools.data.feature_1.14.201.202107090755/">
		</feature>
		<feature id="org.eclipse.datatools.enablement.sqlite.feature" version="1.14.102.201911250848" url="features/org.eclipse.datatools.enablement.sqlite.feature_1.14.102.201911250848/" plugin-identifier="org.eclipse.datatools.enablement.finfo">
		</feature>
		<feature id="org.eclipse.justj.openjdk.hotspot.jre.full" version="17.0.1.v20211116-1657" url="features/org.eclipse.justj.openjdk.hotspot.jre.full_17.0.1.v20211116-1657/">
		</feature>
		<feature id="org.eclipse.emf.mapping.ecore.editor" version="2.15.0.v20210924-1718" url="features/org.eclipse.emf.mapping.ecore.editor_2.15.0.v20210924-1718/">
		</feature>
		<feature id="org.eclipse.rcp" version="4.22.0.v20211124-1800" url="features/org.eclipse.rcp_4.22.0.v20211124-1800/">
		</feature>
		<feature id="org.eclipse.jpt.jpa.feature" version="3.6.1.v202106200606" url="features/org.eclipse.jpt.jpa.feature_3.6.1.v202106200606/" plugin-identifier="org.eclipse.jpt.jpa.branding">
		</feature>
		<feature id="com.google.gwt.eclipse.sdkbundle.feature" version="2.7.0" url="features/com.google.gwt.eclipse.sdkbundle.feature_2.7.0/">
		</feature>
		<feature id="org.eclipse.emf.ecore.xcore.sdk" version="1.19.0.v20210925-0555" url="features/org.eclipse.emf.ecore.xcore.sdk_1.19.0.v20210925-0555/">
		</feature>
		<feature id="org.eclipse.gef" version="3.11.0.201606061308" url="features/org.eclipse.gef_3.11.0.201606061308/">
		</feature>
		<feature id="org.eclipse.m2e.wtp.jsf.feature" version="1.4.4.20201128-1705" url="features/org.eclipse.m2e.wtp.jsf.feature_1.4.4.20201128-1705/" plugin-identifier="org.eclipse.m2e.wtp.jsf">
		</feature>
		<feature id="org.eclipse.pde" version="3.14.1000.v20211124-1800" url="features/org.eclipse.pde_3.14.1000.v20211124-1800/">
		</feature>
		<feature id="org.eclipse.datatools.connectivity.oda.designer.core.feature" version="1.14.102.201911250848" url="features/org.eclipse.datatools.connectivity.oda.designer.core.feature_1.14.102.201911250848/" plugin-identifier="org.eclipse.datatools.connectivity.oda.design.ui">
		</feature>
		<feature id="org.eclipse.pde.api.tools.ee.feature" version="1.0.800.v20210114-1512" url="features/org.eclipse.pde.api.tools.ee.feature_1.0.800.v20210114-1512/">
		</feature>
		<feature id="org.eclipse.xsd.editor" version="2.14.0.v20210924-1719" url="features/org.eclipse.xsd.editor_2.14.0.v20210924-1719/">
		</feature>
		<feature id="org.eclipse.datatools.sqldevtools.ddl.feature" version="1.14.102.201911250848" url="features/org.eclipse.datatools.sqldevtools.ddl.feature_1.14.102.201911250848/">
		</feature>
		<feature id="org.eclipse.xsd.mapping.editor" version="2.14.0.v20210924-1719" url="features/org.eclipse.xsd.mapping.editor_2.14.0.v20210924-1719/">
		</feature>
		<feature id="org.drools.eclipse.feature.source" version="7.48.0.Final" url="features/org.drools.eclipse.feature.source_7.48.0.Final/">
		</feature>
		<feature id="org.eclipse.datatools.doc.user" version="1.14.102.201911250848" url="features/org.eclipse.datatools.doc.user_1.14.102.201911250848/">
		</feature>
		<feature id="org.eclipse.jgit.http.apache" version="6.0.0.202111291000-r" url="features/org.eclipse.jgit.http.apache_6.0.0.202111291000-r/">
		</feature>
		<feature id="org.eclipse.emf.mapping.ecore" version="2.13.0.v20210924-1718" url="features/org.eclipse.emf.mapping.ecore_2.13.0.v20210924-1718/">
		</feature>
		<feature id="org.eclipse.xsd.ecore.converter.source" version="2.13.0.v20210924-1719" url="features/org.eclipse.xsd.ecore.converter.source_2.13.0.v20210924-1719/">
		</feature>
		<feature id="org.eclipse.jst.server_ui.feature" version="3.4.500.v202103180201" url="features/org.eclipse.jst.server_ui.feature_3.4.500.v202103180201/">
		</feature>
		<feature id="org.eclipse.oomph.setup.pde" version="1.14.0.v20211107-0906" url="features/org.eclipse.oomph.setup.pde_1.14.0.v20211107-0906/">
		</feature>
		<feature id="org.eclipse.xtext.xbase" version="2.25.0.v20210301-1429" url="features/org.eclipse.xtext.xbase_2.25.0.v20210301-1429/">
		</feature>
		<feature id="org.eclipse.xtext.xtext.ui" version="2.25.0.v20210301-1429" url="features/org.eclipse.xtext.xtext.ui_2.25.0.v20210301-1429/">
		</feature>
		<feature id="org.eclipse.emf.sdk" version="2.28.0.v20211110-0654" url="features/org.eclipse.emf.sdk_2.28.0.v20211110-0654/">
		</feature>
		<feature id="org.eclipse.jst.server_adapters.ext.feature" version="3.4.400.v202111201742" url="features/org.eclipse.jst.server_adapters.ext.feature_3.4.400.v202111201742/">
		</feature>
		<feature id="org.eclipse.xsd.source" version="2.20.0.v20210924-1719" url="features/org.eclipse.xsd.source_2.20.0.v20210924-1719/">
		</feature>
		<feature id="org.eclipse.emf.edit.ui" version="2.22.0.v20210924-1718" url="features/org.eclipse.emf.edit.ui_2.22.0.v20210924-1718/">
		</feature>
		<feature id="org.eclipse.wst.server_adapters.feature" version="3.2.900.v202106111324" url="features/org.eclipse.wst.server_adapters.feature_3.2.900.v202106111324/">
		</feature>
		<feature id="org.eclipse.ecf.filetransfer.httpclient45.feature" version="1.1.0.v20211008-2034" url="features/org.eclipse.ecf.filetransfer.httpclient45.feature_1.1.0.v20211008-2034/">
		</feature>
		<feature id="org.eclipse.wst.ws_core.feature" version="3.21.0.v202101270311" url="features/org.eclipse.wst.ws_core.feature_3.21.0.v202101270311/">
		</feature>
		<feature id="org.jbpm.eclipse.feature.source" version="7.48.0.Final" url="features/org.jbpm.eclipse.feature.source_7.48.0.Final/">
		</feature>
		<feature id="org.eclipse.datatools.enablement.jdbc.feature" version="1.14.102.201911250848" url="features/org.eclipse.datatools.enablement.jdbc.feature_1.14.102.201911250848/" plugin-identifier="org.eclipse.datatools.enablement.sybase">
		</feature>
		<feature id="org.eclipse.datatools.enablement.feature" version="1.14.102.201911250848" url="features/org.eclipse.datatools.enablement.feature_1.14.102.201911250848/" plugin-identifier="org.eclipse.datatools.enablement.finfo">
		</feature>
		<feature id="org.eclipse.datatools.enablement.ibm.feature" version="1.14.103.202103070014" url="features/org.eclipse.datatools.enablement.ibm.feature_1.14.103.202103070014/" plugin-identifier="org.eclipse.datatools.enablement.ibm">
		</feature>
		<feature id="org.eclipse.xsd.mapping.source" version="2.14.0.v20210924-1719" url="features/org.eclipse.xsd.mapping.source_2.14.0.v20210924-1719/">
		</feature>
		<feature id="org.eclipse.ecf.core.ssl.feature" version="1.1.501.v20210409-2301" url="features/org.eclipse.ecf.core.ssl.feature_1.1.501.v20210409-2301/">
		</feature>
		<feature id="org.eclipse.wst.common_ui.feature" version="3.23.0.v202107101917" url="features/org.eclipse.wst.common_ui.feature_3.23.0.v202107101917/">
		</feature>
		<feature id="org.eclipse.platform" version="4.22.0.v20211124-1800" url="features/org.eclipse.platform_4.22.0.v20211124-1800/">
		</feature>
		<feature id="org.eclipse.wst.ws_ui.feature" version="3.9.100.v202004082157" url="features/org.eclipse.wst.ws_ui.feature_3.9.100.v202004082157/">
		</feature>
		<feature id="org.eclipse.jst.web_core.feature" version="3.24.0.v202110010355" url="features/org.eclipse.jst.web_core.feature_3.24.0.v202110010355/">
		</feature>
		<feature id="org.eclipse.emf.databinding" version="1.8.0.v20210924-1718" url="features/org.eclipse.emf.databinding_1.8.0.v20210924-1718/">
		</feature>
		<feature id="org.eclipse.mylyn.commons.notifications" version="1.17.2.v20200813-0821" url="features/org.eclipse.mylyn.commons.notifications_1.17.2.v20200813-0821/" plugin-identifier="org.eclipse.mylyn.commons.core">
		</feature>
		<feature id="org.eclipse.egit.mylyn" version="6.0.0.202111291000-r" url="features/org.eclipse.egit.mylyn_6.0.0.202111291000-r/" plugin-identifier="org.eclipse.egit">
		</feature>
		<feature id="org.eclipse.wildwebdeveloper.embedder.node.feature" version="0.2.6.202110040931" url="features/org.eclipse.wildwebdeveloper.embedder.node.feature_0.2.6.202110040931/">
		</feature>
		<feature id="org.eclipse.emf.codegen.source" version="2.23.0.v20210924-1718" url="features/org.eclipse.emf.codegen.source_2.23.0.v20210924-1718/">
		</feature>
		<feature id="org.eclipse.jst.ws.jaxws.feature" version="1.2.800.v202104210249" url="features/org.eclipse.jst.ws.jaxws.feature_1.2.800.v202104210249/" plugin-identifier="org.eclipse.jst.ws.jaxws.core">
		</feature>
		<feature id="org.eclipse.datatools.enablement.mysql.feature" version="1.14.103.202107071900" url="features/org.eclipse.datatools.enablement.mysql.feature_1.14.103.202107071900/" plugin-identifier="org.eclipse.datatools.enablement.finfo">
		</feature>
		<feature id="org.eclipse.jsf.feature" version="3.10.100.v202111210733" url="features/org.eclipse.jsf.feature_3.10.100.v202111210733/">
		</feature>
		<feature id="org.eclipse.m2e.wtp.jaxrs.feature" version="1.4.4.20201128-1705" url="features/org.eclipse.m2e.wtp.jaxrs.feature_1.4.4.20201128-1705/" plugin-identifier="org.eclipse.m2e.wtp.jaxrs">
		</feature>
		<feature id="org.eclipse.datatools.enablement.jdt.feature" version="1.14.102.201911250848" url="features/org.eclipse.datatools.enablement.jdt.feature_1.14.102.201911250848/" plugin-identifier="org.eclipse.datatools.enablement.jdt.classpath">
		</feature>
		<feature id="org.eclipse.epp.mpc" version="1.9.2.v20210826-0851" url="features/org.eclipse.epp.mpc_1.9.2.v20210826-0851/" plugin-identifier="org.eclipse.epp.mpc.ui">
		</feature>
		<feature id="org.eclipse.userstorage" version="1.2.0.v20210517-0327" url="features/org.eclipse.userstorage_1.2.0.v20210517-0327/">
		</feature>
		<feature id="org.eclipse.mylyn.commons.identity" version="1.17.2.v20200813-0821" url="features/org.eclipse.mylyn.commons.identity_1.17.2.v20200813-0821/" plugin-identifier="org.eclipse.mylyn.commons.core">
		</feature>
		<feature id="org.eclipse.datatools.sqldevtools.parsers.feature" version="1.14.102.201911250848" url="features/org.eclipse.datatools.sqldevtools.parsers.feature_1.14.102.201911250848/" plugin-identifier="org.eclipse.datatools.sqltools.parsers.sql">
		</feature>
		<feature id="org.eclipse.equinox.p2.rcp.feature" version="1.4.1400.v20211104-1616" url="features/org.eclipse.equinox.p2.rcp.feature_1.4.1400.v20211104-1616/">
		</feature>
		<feature id="org.eclipse.oomph.setup.jdt" version="1.18.0.v20210924-1427" url="features/org.eclipse.oomph.setup.jdt_1.18.0.v20210924-1427/">
		</feature>
		<feature id="org.eclipse.emf.edit.ui.source" version="2.22.0.v20210924-1718" url="features/org.eclipse.emf.edit.ui.source_2.22.0.v20210924-1718/">
		</feature>
		<feature id="org.eclipse.jst.enterprise_core.feature" version="3.24.0.v202110010348" url="features/org.eclipse.jst.enterprise_core.feature_3.24.0.v202110010348/">
		</feature>
		<feature id="org.eclipse.xsd.edit" version="2.14.0.v20210924-1719" url="features/org.eclipse.xsd.edit_2.14.0.v20210924-1719/">
		</feature>
		<feature id="org.eclipse.wst.xml_core.feature" version="3.24.0.v202110010323" url="features/org.eclipse.wst.xml_core.feature_3.24.0.v202110010323/">
		</feature>
		<feature id="org.eclipse.datatools.intro" version="1.14.102.201911250848" url="features/org.eclipse.datatools.intro_1.14.102.201911250848/">
		</feature>
		<feature id="org.eclipse.emf.ecoretools.utils" version="0.10.0.v20100601-1628" url="features/org.eclipse.emf.ecoretools.utils_0.10.0.v20100601-1628/">
		</feature>
		<feature id="org.eclipse.oomph.p2" version="1.21.0.v20211116-0849" url="features/org.eclipse.oomph.p2_1.21.0.v20211116-0849/">
		</feature>
		<feature id="org.eclipse.xtext.xtext.ui.graph" version="2.25.0.v20210301-1429" url="features/org.eclipse.xtext.xtext.ui.graph_2.25.0.v20210301-1429/">
		</feature>
		<feature id="org.eclipse.emf.ecoretools.sdk" version="0.10.0.v20100615-1639" url="features/org.eclipse.emf.ecoretools.sdk_0.10.0.v20100615-1639/">
		</feature>
		<feature id="org.eclipse.emf.mapping.ui.source" version="2.14.0.v20210924-1718" url="features/org.eclipse.emf.mapping.ui.source_2.14.0.v20210924-1718/">
		</feature>
		<feature id="org.eclipse.xtext.xbase.lib" version="2.25.0.v20210301-0822" url="features/org.eclipse.xtext.xbase.lib_2.25.0.v20210301-0822/">
		</feature>
		<feature id="org.eclipse.emf.ecore" version="2.26.0.v20210924-1718" url="features/org.eclipse.emf.ecore_2.26.0.v20210924-1718/">
		</feature>
		<feature id="org.eclipse.emf.ecore.xcore.ui.source" version="1.18.0.v20210925-0555" url="features/org.eclipse.emf.ecore.xcore.ui.source_1.18.0.v20210925-0555/">
		</feature>
		<feature id="org.eclipse.equinox.p2.core.feature" version="1.6.1200.v20211104-1616" url="features/org.eclipse.equinox.p2.core.feature_1.6.1200.v20211104-1616/">
		</feature>
		<feature id="org.eclipse.oomph.manifests" version="1.14.0.v20210924-1427" url="features/org.eclipse.oomph.manifests_1.14.0.v20210924-1427/">
		</feature>
		<feature id="org.eclipse.datatools.sqldevtools.feature" version="1.14.201.202107090755" url="features/org.eclipse.datatools.sqldevtools.feature_1.14.201.202107090755/" plugin-identifier="org.eclipse.datatools.sqltools.common.ui">
		</feature>
		<feature id="org.eclipse.oomph.setup" version="1.23.0.v20211116-0849" url="features/org.eclipse.oomph.setup_1.23.0.v20211116-0849/">
		</feature>
		<feature id="org.eclipse.jst.common.fproj.enablement.jdt" version="3.24.0.v202111201707" url="features/org.eclipse.jst.common.fproj.enablement.jdt_3.24.0.v202111201707/" plugin-identifier="org.eclipse.jst.common.project.facet.core">
		</feature>
		<feature id="org.eclipse.jst.server_adapters.feature" version="3.2.700.v202105161646" url="features/org.eclipse.jst.server_adapters.feature_3.2.700.v202105161646/">
		</feature>
		<feature id="org.jbpm.eclipse.feature" version="7.48.0.Final" url="features/org.jbpm.eclipse.feature_7.48.0.Final/">
		</feature>
		<feature id="org.eclipse.emf.databinding.edit.source" version="1.9.0.v20210924-1718" url="features/org.eclipse.emf.databinding.edit.source_1.9.0.v20210924-1718/">
		</feature>
		<feature id="org.eclipse.datatools.enablement.oda.feature" version="1.14.102.201911221603" url="features/org.eclipse.datatools.enablement.oda.feature_1.14.102.201911221603/" plugin-identifier="org.eclipse.datatools.enablement.oda.xml">
		</feature>
		<feature id="org.eclipse.m2e.wtp.feature" version="1.4.4.20201128-1705" url="features/org.eclipse.m2e.wtp.feature_1.4.4.20201128-1705/" plugin-identifier="org.eclipse.m2e.wtp">
		</feature>
		<feature id="org.eclipse.mylyn.ide_feature" version="3.25.2.v20200828-1617" url="features/org.eclipse.mylyn.ide_feature_3.25.2.v20200828-1617/" plugin-identifier="org.eclipse.mylyn.context.core">
		</feature>
		<feature id="org.eclipse.equinox.p2.extras.feature" version="1.4.1400.v20211104-1616" url="features/org.eclipse.equinox.p2.extras.feature_1.4.1400.v20211104-1616/">
		</feature>
		<feature id="org.eclipse.datatools.enablement.oda.designer.feature" version="1.14.102.201911250848" url="features/org.eclipse.datatools.enablement.oda.designer.feature_1.14.102.201911250848/" plugin-identifier="org.eclipse.datatools.enablement.oda.xml.ui">
		</feature>
		<feature id="org.eclipse.wst.xsl.feature" version="1.3.900.v202110312208" url="features/org.eclipse.wst.xsl.feature_1.3.900.v202110312208/" plugin-identifier="org.eclipse.wst.xsl">
		</feature>
		<feature id="org.eclipse.xsd" version="2.20.0.v20210924-1719" url="features/org.eclipse.xsd_2.20.0.v20210924-1719/">
		</feature>
		<feature id="org.eclipse.equinox.p2.user.ui" version="2.4.1400.v20211104-1616" url="features/org.eclipse.equinox.p2.user.ui_2.4.1400.v20211104-1616/">
		</feature>
		<feature id="org.eclipse.jpt.jaxb.eclipselink.feature" version="1.4.203.v202104080213" url="features/org.eclipse.jpt.jaxb.eclipselink.feature_1.4.203.v202104080213/" plugin-identifier="org.eclipse.jpt.jaxb.eclipselink.branding">
		</feature>
		<feature id="org.eclipse.datatools.sqldevtools.sqlbuilder.feature" version="1.14.201.202107090755" url="features/org.eclipse.datatools.sqldevtools.sqlbuilder.feature_1.14.201.202107090755/">
		</feature>
		<feature id="org.eclipse.emf.mwe2.launcher.source" version="2.12.1.v20210218-2134" url="features/org.eclipse.emf.mwe2.launcher.source_2.12.1.v20210218-2134/">
		</feature>
		<feature id="org.eclipse.datatools.enablement.ingres.feature" version="1.14.102.201911250848" url="features/org.eclipse.datatools.enablement.ingres.feature_1.14.102.201911250848/" plugin-identifier="org.eclipse.datatools.enablement.finfo">
		</feature>
		<feature id="org.eclipse.jpt.common.feature" version="1.5.100.v201903221940" url="features/org.eclipse.jpt.common.feature_1.5.100.v201903221940/" plugin-identifier="org.eclipse.jpt.common.branding">
		</feature>
		<feature id="org.eclipse.oomph.setup.core" version="1.22.0.v20211026-1326" url="features/org.eclipse.oomph.setup.core_1.22.0.v20211026-1326/">
		</feature>
		<feature id="org.eclipse.emf.ecore.edit" version="2.15.0.v20210924-1718" url="features/org.eclipse.emf.ecore.edit_2.15.0.v20210924-1718/">
		</feature>
		<feature id="org.eclipse.mylyn.commons.repositories" version="1.17.2.v20200813-0821" url="features/org.eclipse.mylyn.commons.repositories_1.17.2.v20200813-0821/" plugin-identifier="org.eclipse.mylyn.commons.core">
		</feature>
		<feature id="org.eclipse.eclemma.feature" version="3.1.5.202109082215" url="features/org.eclipse.eclemma.feature_3.1.5.202109082215/" plugin-identifier="org.eclipse.eclemma.ui">
		</feature>
		<feature id="org.eclipse.emf.mwe2.launcher" version="2.12.1.v20210218-2134" url="features/org.eclipse.emf.mwe2.launcher_2.12.1.v20210218-2134/">
		</feature>
		<feature id="com.google.appengine.eclipse.sdkbundle.feature" version="1.9.34" url="features/com.google.appengine.eclipse.sdkbundle.feature_1.9.34/">
		</feature>
		<feature id="org.eclipse.emf.ecore.xcore.source" version="1.19.0.v20210925-0555" url="features/org.eclipse.emf.ecore.xcore.source_1.19.0.v20210925-0555/">
		</feature>
		<feature id="org.eclipse.emf" version="2.28.0.v20211110-0654" url="features/org.eclipse.emf_2.28.0.v20211110-0654/">
		</feature>
		<feature id="org.eclipse.help" version="2.3.800.v20211124-1800" url="features/org.eclipse.help_2.3.800.v20211124-1800/" plugin-identifier="org.eclipse.help.base">
		</feature>
		<feature id="org.eclipse.mylyn.wikitext_feature" version="3.0.41.202111102318" url="features/org.eclipse.mylyn.wikitext_feature_3.0.41.202111102318/" plugin-identifier="org.eclipse.mylyn.wikitext">
		</feature>
		<feature id="org.eclipse.emf.mapping.ecore.source" version="2.13.0.v20210924-1718" url="features/org.eclipse.emf.mapping.ecore.source_2.13.0.v20210924-1718/">
		</feature>
		<feature id="org.eclipse.jst.enterprise_userdoc.feature" version="3.23.0.v202107101916" url="features/org.eclipse.jst.enterprise_userdoc.feature_3.23.0.v202107101916/">
		</feature>
		<feature id="org.eclipse.wst.common.fproj" version="3.7.3.v202111212041" url="features/org.eclipse.wst.common.fproj_3.7.3.v202111212041/" plugin-identifier="org.eclipse.wst.common.project.facet.core">
		</feature>
		<feature id="org.eclipse.datatools.enablement.sdk.feature" version="1.14.102.201911250848" url="features/org.eclipse.datatools.enablement.sdk.feature_1.14.102.201911250848/" plugin-identifier="org.eclipse.datatools.enablement.finfo">
		</feature>
		<feature id="org.eclipse.jgit.gpg.bc" version="6.0.0.202111291000-r" url="features/org.eclipse.jgit.gpg.bc_6.0.0.202111291000-r/">
		</feature>
		<feature id="org.eclipse.buildship" version="3.1.5.v20210113-0929" url="features/org.eclipse.buildship_3.1.5.v20210113-0929/" plugin-identifier="org.eclipse.buildship.branding">
		</feature>
		<feature id="org.eclipse.ecf.filetransfer.feature" version="3.14.1800.v20210618-0642" url="features/org.eclipse.ecf.filetransfer.feature_3.14.1800.v20210618-0642/">
		</feature>
		<feature id="org.eclipse.emf.ecore.editor.source" version="2.18.0.v20210924-1718" url="features/org.eclipse.emf.ecore.editor.source_2.18.0.v20210924-1718/">
		</feature>
		<feature id="org.eclipse.emf.edit.source" version="2.17.0.v20210924-1718" url="features/org.eclipse.emf.edit.source_2.17.0.v20210924-1718/">
		</feature>
		<feature id="org.eclipse.xtext.docs" version="2.25.0.v20210301-1429" url="features/org.eclipse.xtext.docs_2.25.0.v20210301-1429/">
		</feature>
		<feature id="org.eclipse.jst.ws.jaxws.dom.feature" version="1.0.400.v202104210249" url="features/org.eclipse.jst.ws.jaxws.dom.feature_1.0.400.v202104210249/">
		</feature>
		<feature id="org.eclipse.oomph.projectconfig" version="1.14.0.v20210924-1427" url="features/org.eclipse.oomph.projectconfig_1.14.0.v20210924-1427/">
		</feature>
		<feature id="org.eclipse.emf.doc" version="2.26.0.v20210924-1718" url="features/org.eclipse.emf.doc_2.26.0.v20210924-1718/">
		</feature>
		<feature id="org.eclipse.emf.ecore.source" version="2.26.0.v20210924-1718" url="features/org.eclipse.emf.ecore.source_2.26.0.v20210924-1718/">
		</feature>
		<feature id="org.eclipse.mylyn.wikitext.editors_feature" version="3.0.41.202111102318" url="features/org.eclipse.mylyn.wikitext.editors_feature_3.0.41.202111102318/" plugin-identifier="org.eclipse.mylyn.wikitext">
		</feature>
		<feature id="org.eclipse.datatools.enablement.sap.feature" version="1.14.102.201911250848" url="features/org.eclipse.datatools.enablement.sap.feature_1.14.102.201911250848/" plugin-identifier="org.eclipse.datatools.enablement.finfo">
		</feature>
		<feature id="org.eclipse.datatools.common.doc.user" version="1.14.102.201911250848" url="features/org.eclipse.datatools.common.doc.user_1.14.102.201911250848/">
		</feature>
		<feature id="org.eclipse.ecf.filetransfer.ssl.feature" version="1.1.401.v20210409-2301" url="features/org.eclipse.ecf.filetransfer.ssl.feature_1.1.401.v20210409-2301/">
		</feature>
		<feature id="org.eclipse.datatools.enablement.sybase.feature" version="1.14.201.202107090755" url="features/org.eclipse.datatools.enablement.sybase.feature_1.14.201.202107090755/" plugin-identifier="org.eclipse.datatools.enablement.sybase">
		</feature>
		<feature id="org.eclipse.mylyn.tasks.ide" version="3.25.2.v20200814-0512" url="features/org.eclipse.mylyn.tasks.ide_3.25.2.v20200814-0512/" plugin-identifier="org.eclipse.mylyn.tasks.core">
		</feature>
		<feature id="org.eclipse.emf.ecoretools.source" version="0.10.0.v20100615-1639" url="features/org.eclipse.emf.ecoretools.source_0.10.0.v20100615-1639/">
		</feature>
		<feature id="org.eclipse.datatools.enablement.oracle.feature" version="1.14.102.201911250848" url="features/org.eclipse.datatools.enablement.oracle.feature_1.14.102.201911250848/" plugin-identifier="org.eclipse.datatools.enablement.finfo">
		</feature>
	</site>
</config>
